SYMBOL,TOTTRDQTY,TIMESTAMP
ACC,3572087,13-Apr-20
ADANIENT,2204560,13-Apr-20
ADANIPORTS,6979354,13-Apr-20
ADANIPOWER,9137324,13-Apr-20
AMARAJABAT,1324307,13-Apr-20
AMBUJACEM,12551506,13-Apr-20
APOLLOHOSP,1027810,13-Apr-20
APOLLOTYRE,9360109,13-Apr-20
ASHOKLEY,41848831,13-Apr-20
ASIANPAINT,2586216,13-Apr-20
AUROPHARMA,13848180,13-Apr-20
AXISBANK,33432493,13-Apr-20
BAJAJ-AUTO,654478,13-Apr-20
BAJAJFINSV,891709,13-Apr-20
BAJFINANCE,8183271,13-Apr-20
BALKRISIND,406357,13-Apr-20
BANDHANBNK,22145672,13-Apr-20
BANKBARODA,14157206,13-Apr-20
BATAINDIA,1193225,13-Apr-20
BEL,9995138,13-Apr-20
BERGEPAINT,1363753,13-Apr-20
BHARATFORG,1008742,13-Apr-20
BHARTIARTL,23966611,13-Apr-20
BHEL,36362523,13-Apr-20
BIOCON,13175876,13-Apr-20
BOSCHLTD,16241,13-Apr-20
BPCL,4954412,13-Apr-20
BRITANNIA,501533,13-Apr-20
CADILAHC,14945001,13-Apr-20
CANBK,6855898,13-Apr-20
CENTURYTEX,1173203,13-Apr-20
CESC,1480403,13-Apr-20
CHOLAFIN,7959997,13-Apr-20
CIPLA,15483866,13-Apr-20
COALINDIA,10691857,13-Apr-20
COLPAL,414945,13-Apr-20
CONCOR,2845404,13-Apr-20
CUMMINSIND,1997978,13-Apr-20
DABUR,2769955,13-Apr-20
DIVISLAB,1782628,13-Apr-20
DLF,12595353,13-Apr-20
DRREDDY,2322394,13-Apr-20
EICHERMOT,126622,13-Apr-20
EQUITAS,9293767,13-Apr-20
ESCORTS,2844324,13-Apr-20
EXIDEIND,1726474,13-Apr-20
FEDERALBNK,20458011,13-Apr-20
GAIL,8121867,13-Apr-20
GLENMARK,18480604,13-Apr-20
GMRINFRA,8047436,13-Apr-20
GODREJCP,3394610,13-Apr-20
GODREJPROP,280224,13-Apr-20
GRASIM,3263002,13-Apr-20
HAVELLS,1516544,13-Apr-20
HCLTECH,2236731,13-Apr-20
HDFC,7287804,13-Apr-20
HDFCBANK,17079259,13-Apr-20
HDFCLIFE,4143792,13-Apr-20
HEROMOTOCO,1561005,13-Apr-20
HINDALCO,23260082,13-Apr-20
HINDPETRO,4934849,13-Apr-20
HINDUNILVR,3249562,13-Apr-20
IBULHSGFIN,22430423,13-Apr-20
ICICIBANK,30995409,13-Apr-20
ICICIPRULI,2574306,13-Apr-20
IDEA,804238144,13-Apr-20
IDFCFIRSTB,23721656,13-Apr-20
IGL,3074637,13-Apr-20
INDIGO,2404619,13-Apr-20
INDUSINDBK,31209060,13-Apr-20
INFRATEL,3315057,13-Apr-20
INFY,8330291,13-Apr-20
IOC,9679851,13-Apr-20
ITC,17744825,13-Apr-20
JINDALSTEL,32561993,13-Apr-20
JSWSTEEL,11554655,13-Apr-20
JUBLFOOD,1210397,13-Apr-20
JUSTDIAL,3477941,13-Apr-20
KOTAKBANK,4250597,13-Apr-20
L&TFH,10571367,13-Apr-20
LICHSGFIN,3828808,13-Apr-20
LT,9462929,13-Apr-20
LUPIN,10064806,13-Apr-20
M&M,7717757,13-Apr-20
M&MFIN,3797320,13-Apr-20
MANAPPURAM,7537959,13-Apr-20
MARICO,3570311,13-Apr-20
MARUTI,2192269,13-Apr-20
MCDOWELL-N,3063806,13-Apr-20
MFSL,1434385,13-Apr-20
MGL,985520,13-Apr-20
MINDTREE,518713,13-Apr-20
MOTHERSUMI,13170395,13-Apr-20
MRF,13752,13-Apr-20
MUTHOOTFIN,2165713,13-Apr-20
NATIONALUM,9333279,13-Apr-20
NAUKRI,320698,13-Apr-20
NCC,57793037,13-Apr-20
NESTLEIND,83132,13-Apr-20
NIITTECH,210552,13-Apr-20
NMDC,6051190,13-Apr-20
NTPC,33267122,13-Apr-20
OIL,4933377,13-Apr-20
ONGC,22316547,13-Apr-20
PAGEIND,21051,13-Apr-20
PEL,1035270,13-Apr-20
PETRONET,1583326,13-Apr-20
PFC,3453484,13-Apr-20
PIDILITIND,1016607,13-Apr-20
PNB,16584316,13-Apr-20
POWERGRID,8381970,13-Apr-20
PVR,1514566,13-Apr-20
RAMCOCEM,1395704,13-Apr-20
RBLBANK,22328195,13-Apr-20
RECLTD,5007470,13-Apr-20
RELIANCE,10822871,13-Apr-20
SAIL,24780282,13-Apr-20
SBIN,51847574,13-Apr-20
SHREECEM,86675,13-Apr-20
SIEMENS,664626,13-Apr-20
SRF,426656,13-Apr-20
SRTRANSFIN,3088428,13-Apr-20
SUNPHARMA,30510404,13-Apr-20
SUNTV,3345289,13-Apr-20
TATACHEM,2327511,13-Apr-20
TATACONSUM,3699875,13-Apr-20
TATAMOTORS,70414018,13-Apr-20
TATAPOWER,4971865,13-Apr-20
TATASTEEL,15510598,13-Apr-20
TCS,2990478,13-Apr-20
TECHM,3822647,13-Apr-20
TITAN,4399276,13-Apr-20
TORNTPHARM,1226493,13-Apr-20
TORNTPOWER,1112160,13-Apr-20
TVSMOTOR,2420220,13-Apr-20
UBL,808372,13-Apr-20
UJJIVAN,3356955,13-Apr-20
ULTRACEMCO,1107263,13-Apr-20
UPL,4850281,13-Apr-20
VEDL,37471015,13-Apr-20
VOLTAS,1902965,13-Apr-20
WIPRO,6193223,13-Apr-20
YESBANK,26107072,13-Apr-20
ZEEL,27106893,13-Apr-20
ACC,2931488,15-Apr-20
ADANIENT,3413518,15-Apr-20
ADANIPORTS,7606729,15-Apr-20
ADANIPOWER,16172034,15-Apr-20
AMARAJABAT,948123,15-Apr-20
AMBUJACEM,9909062,15-Apr-20
APOLLOHOSP,2274130,15-Apr-20
APOLLOTYRE,6059059,15-Apr-20
ASHOKLEY,60309614,15-Apr-20
ASIANPAINT,2508280,15-Apr-20
AUROPHARMA,12644934,15-Apr-20
AXISBANK,48315084,15-Apr-20
BAJAJ-AUTO,986750,15-Apr-20
BAJAJFINSV,983071,15-Apr-20
BAJFINANCE,9333672,15-Apr-20
BALKRISIND,556182,15-Apr-20
BANDHANBNK,24176595,15-Apr-20
BANKBARODA,20243132,15-Apr-20
BATAINDIA,1088202,15-Apr-20
BEL,11486310,15-Apr-20
BERGEPAINT,2418076,15-Apr-20
BHARATFORG,1875218,15-Apr-20
BHARTIARTL,25793155,15-Apr-20
BHEL,40178521,15-Apr-20
BIOCON,8436365,15-Apr-20
BOSCHLTD,55034,15-Apr-20
BPCL,6299482,15-Apr-20
BRITANNIA,1011691,15-Apr-20
CADILAHC,11480952,15-Apr-20
CANBK,11008091,15-Apr-20
CENTURYTEX,1822976,15-Apr-20
CESC,976738,15-Apr-20
CHOLAFIN,5959935,15-Apr-20
CIPLA,16213849,15-Apr-20
COALINDIA,10487978,15-Apr-20
COLPAL,1062751,15-Apr-20
CONCOR,1724976,15-Apr-20
CUMMINSIND,2314627,15-Apr-20
DABUR,4343315,15-Apr-20
DIVISLAB,1136727,15-Apr-20
DLF,9821552,15-Apr-20
DRREDDY,1725113,15-Apr-20
EICHERMOT,275594,15-Apr-20
EQUITAS,13837992,15-Apr-20
ESCORTS,6783089,15-Apr-20
EXIDEIND,3026934,15-Apr-20
FEDERALBNK,27800697,15-Apr-20
GAIL,13427323,15-Apr-20
GLENMARK,21789838,15-Apr-20
GMRINFRA,32427104,15-Apr-20
GODREJCP,2778395,15-Apr-20
GODREJPROP,325354,15-Apr-20
GRASIM,2125336,15-Apr-20
HAVELLS,3595791,15-Apr-20
HCLTECH,6333192,15-Apr-20
HDFC,8512332,15-Apr-20
HDFCBANK,28989523,15-Apr-20
HDFCLIFE,3951830,15-Apr-20
HEROMOTOCO,1537630,15-Apr-20
HINDALCO,45561435,15-Apr-20
HINDPETRO,7486566,15-Apr-20
HINDUNILVR,29485532,15-Apr-20
IBULHSGFIN,24767179,15-Apr-20
ICICIBANK,49134201,15-Apr-20
ICICIPRULI,2874352,15-Apr-20
IDEA,709334485,15-Apr-20
IDFCFIRSTB,31376448,15-Apr-20
IGL,4635232,15-Apr-20
INDIGO,2851947,15-Apr-20
INDUSINDBK,28312005,15-Apr-20
INFRATEL,4525878,15-Apr-20
INFY,11963493,15-Apr-20
IOC,13661968,15-Apr-20
ITC,49092959,15-Apr-20
JINDALSTEL,33151508,15-Apr-20
JSWSTEEL,17616485,15-Apr-20
JUBLFOOD,1938008,15-Apr-20
JUSTDIAL,4576002,15-Apr-20
KOTAKBANK,9045751,15-Apr-20
L&TFH,12542359,15-Apr-20
LICHSGFIN,4768725,15-Apr-20
LT,10435586,15-Apr-20
LUPIN,7000858,15-Apr-20
M&M,11300959,15-Apr-20
M&MFIN,5875475,15-Apr-20
MANAPPURAM,8452762,15-Apr-20
MARICO,4785567,15-Apr-20
MARUTI,2094529,15-Apr-20
MCDOWELL-N,4778240,15-Apr-20
MFSL,4990393,15-Apr-20
MGL,864920,15-Apr-20
MINDTREE,829830,15-Apr-20
MOTHERSUMI,46705442,15-Apr-20
MRF,17187,15-Apr-20
MUTHOOTFIN,4472814,15-Apr-20
NATIONALUM,10938462,15-Apr-20
NAUKRI,691806,15-Apr-20
NCC,68724181,15-Apr-20
NESTLEIND,155579,15-Apr-20
NIITTECH,506393,15-Apr-20
NMDC,6026142,15-Apr-20
NTPC,24128026,15-Apr-20
OIL,3474252,15-Apr-20
ONGC,22311692,15-Apr-20
PAGEIND,42728,15-Apr-20
PEL,2320567,15-Apr-20
PETRONET,4072547,15-Apr-20
PFC,7944539,15-Apr-20
PIDILITIND,1706028,15-Apr-20
PNB,22095563,15-Apr-20
POWERGRID,14203445,15-Apr-20
PVR,2267773,15-Apr-20
RAMCOCEM,1621621,15-Apr-20
RBLBANK,28186170,15-Apr-20
RECLTD,7956615,15-Apr-20
RELIANCE,16147959,15-Apr-20
SAIL,25214418,15-Apr-20
SBIN,72190294,15-Apr-20
SHREECEM,125808,15-Apr-20
SIEMENS,756827,15-Apr-20
SRF,399510,15-Apr-20
SRTRANSFIN,3312255,15-Apr-20
SUNPHARMA,32508977,15-Apr-20
SUNTV,2576147,15-Apr-20
TATACHEM,3193041,15-Apr-20
TATACONSUM,5721837,15-Apr-20
TATAMOTORS,81126343,15-Apr-20
TATAPOWER,8243453,15-Apr-20
TATASTEEL,20991943,15-Apr-20
TCS,4761401,15-Apr-20
TECHM,6316300,15-Apr-20
TITAN,5502744,15-Apr-20
TORNTPHARM,1034987,15-Apr-20
TORNTPOWER,2472284,15-Apr-20
TVSMOTOR,5152327,15-Apr-20
UBL,738500,15-Apr-20
UJJIVAN,6708089,15-Apr-20
ULTRACEMCO,1239945,15-Apr-20
UPL,22250838,15-Apr-20
VEDL,43610924,15-Apr-20
VOLTAS,4126644,15-Apr-20
WIPRO,11326600,15-Apr-20
YESBANK,39619400,15-Apr-20
ZEEL,26563975,15-Apr-20
ACC,1548843,16-Apr-20
ADANIENT,2685695,16-Apr-20
ADANIPORTS,3267294,16-Apr-20
ADANIPOWER,5450088,16-Apr-20
AMARAJABAT,826820,16-Apr-20
AMBUJACEM,6792496,16-Apr-20
APOLLOHOSP,1281809,16-Apr-20
APOLLOTYRE,15986544,16-Apr-20
ASHOKLEY,29831697,16-Apr-20
ASIANPAINT,1821296,16-Apr-20
AUROPHARMA,9906385,16-Apr-20
AXISBANK,42344581,16-Apr-20
BAJAJ-AUTO,944581,16-Apr-20
BAJAJFINSV,747354,16-Apr-20
BAJFINANCE,7246740,16-Apr-20
BALKRISIND,1265667,16-Apr-20
BANDHANBNK,22001767,16-Apr-20
BANKBARODA,19193391,16-Apr-20
BATAINDIA,1351651,16-Apr-20
BEL,23532178,16-Apr-20
BERGEPAINT,1476905,16-Apr-20
BHARATFORG,2238188,16-Apr-20
BHARTIARTL,17082242,16-Apr-20
BHEL,27540878,16-Apr-20
BIOCON,9196409,16-Apr-20
BOSCHLTD,34921,16-Apr-20
BPCL,5915878,16-Apr-20
BRITANNIA,675907,16-Apr-20
CADILAHC,7473616,16-Apr-20
CANBK,11292993,16-Apr-20
CENTURYTEX,1139613,16-Apr-20
CESC,568136,16-Apr-20
CHOLAFIN,8238477,16-Apr-20
CIPLA,12716392,16-Apr-20
COALINDIA,9736874,16-Apr-20
COLPAL,789988,16-Apr-20
CONCOR,1819182,16-Apr-20
CUMMINSIND,2037046,16-Apr-20
DABUR,3438673,16-Apr-20
DIVISLAB,1350131,16-Apr-20
DLF,13414652,16-Apr-20
DRREDDY,1465944,16-Apr-20
EICHERMOT,250147,16-Apr-20
EQUITAS,9918285,16-Apr-20
ESCORTS,3882012,16-Apr-20
EXIDEIND,4170413,16-Apr-20
FEDERALBNK,15770006,16-Apr-20
GAIL,13298644,16-Apr-20
GLENMARK,8576013,16-Apr-20
GMRINFRA,11150437,16-Apr-20
GODREJCP,1768369,16-Apr-20
GODREJPROP,627805,16-Apr-20
GRASIM,3595017,16-Apr-20
HAVELLS,1966417,16-Apr-20
HCLTECH,10484847,16-Apr-20
HDFC,7892749,16-Apr-20
HDFCBANK,26927231,16-Apr-20
HDFCLIFE,5065365,16-Apr-20
HEROMOTOCO,1453650,16-Apr-20
HINDALCO,18972010,16-Apr-20
HINDPETRO,4873925,16-Apr-20
HINDUNILVR,5388258,16-Apr-20
IBULHSGFIN,54680482,16-Apr-20
ICICIBANK,56494211,16-Apr-20
ICICIPRULI,4089522,16-Apr-20
IDEA,403258814,16-Apr-20
IDFCFIRSTB,29166210,16-Apr-20
IGL,4011476,16-Apr-20
INDIGO,1960417,16-Apr-20
INDUSINDBK,23556870,16-Apr-20
INFRATEL,6471943,16-Apr-20
INFY,17783310,16-Apr-20
IOC,11993071,16-Apr-20
ITC,27082646,16-Apr-20
JINDALSTEL,21890027,16-Apr-20
JSWSTEEL,10428942,16-Apr-20
JUBLFOOD,2215243,16-Apr-20
JUSTDIAL,3946048,16-Apr-20
KOTAKBANK,11055210,16-Apr-20
L&TFH,26701025,16-Apr-20
LICHSGFIN,5566762,16-Apr-20
LT,6980628,16-Apr-20
LUPIN,3963325,16-Apr-20
M&M,6155773,16-Apr-20
M&MFIN,8090288,16-Apr-20
MANAPPURAM,10656976,16-Apr-20
MARICO,6058564,16-Apr-20
MARUTI,1752170,16-Apr-20
MCDOWELL-N,4217576,16-Apr-20
MFSL,5300471,16-Apr-20
MGL,780373,16-Apr-20
MINDTREE,780543,16-Apr-20
MOTHERSUMI,50160597,16-Apr-20
MRF,22062,16-Apr-20
MUTHOOTFIN,4330356,16-Apr-20
NATIONALUM,5999344,16-Apr-20
NAUKRI,579119,16-Apr-20
NCC,43878207,16-Apr-20
NESTLEIND,225740,16-Apr-20
NIITTECH,452690,16-Apr-20
NMDC,4012090,16-Apr-20
NTPC,20876392,16-Apr-20
OIL,3011290,16-Apr-20
ONGC,24473642,16-Apr-20
PAGEIND,55329,16-Apr-20
PEL,2609106,16-Apr-20
PETRONET,5049214,16-Apr-20
PFC,4994942,16-Apr-20
PIDILITIND,1028043,16-Apr-20
PNB,19994398,16-Apr-20
POWERGRID,17522308,16-Apr-20
PVR,2230729,16-Apr-20
RAMCOCEM,1410534,16-Apr-20
RBLBANK,22608799,16-Apr-20
RECLTD,4769706,16-Apr-20
RELIANCE,17123533,16-Apr-20
SAIL,19014842,16-Apr-20
SBIN,61165997,16-Apr-20
SHREECEM,112627,16-Apr-20
SIEMENS,709225,16-Apr-20
SRF,382068,16-Apr-20
SRTRANSFIN,4413970,16-Apr-20
SUNPHARMA,16933112,16-Apr-20
SUNTV,4515582,16-Apr-20
TATACHEM,6163956,16-Apr-20
TATACONSUM,8211111,16-Apr-20
TATAMOTORS,47910556,16-Apr-20
TATAPOWER,9452841,16-Apr-20
TATASTEEL,17248806,16-Apr-20
TCS,6245583,16-Apr-20
TECHM,7001494,16-Apr-20
TITAN,6251881,16-Apr-20
TORNTPHARM,986137,16-Apr-20
TORNTPOWER,893203,16-Apr-20
TVSMOTOR,6728570,16-Apr-20
UBL,403453,16-Apr-20
UJJIVAN,4404744,16-Apr-20
ULTRACEMCO,617281,16-Apr-20
UPL,10132741,16-Apr-20
VEDL,54489625,16-Apr-20
VOLTAS,3313118,16-Apr-20
WIPRO,21690456,16-Apr-20
YESBANK,18765964,16-Apr-20
ZEEL,18112295,16-Apr-20
ACC,1614409,17-Apr-20
ADANIENT,2384033,17-Apr-20
ADANIPORTS,3470271,17-Apr-20
ADANIPOWER,12247415,17-Apr-20
AMARAJABAT,1244146,17-Apr-20
AMBUJACEM,3706603,17-Apr-20
APOLLOHOSP,1718048,17-Apr-20
APOLLOTYRE,8133307,17-Apr-20
ASHOKLEY,27585071,17-Apr-20
ASIANPAINT,1398782,17-Apr-20
AUROPHARMA,8110232,17-Apr-20
AXISBANK,47831855,17-Apr-20
BAJAJ-AUTO,690554,17-Apr-20
BAJAJFINSV,1352223,17-Apr-20
BAJFINANCE,10191558,17-Apr-20
BALKRISIND,1184820,17-Apr-20
BANDHANBNK,23292305,17-Apr-20
BANKBARODA,35113747,17-Apr-20
BATAINDIA,1457555,17-Apr-20
BEL,19718808,17-Apr-20
BERGEPAINT,948858,17-Apr-20
BHARATFORG,11341639,17-Apr-20
BHARTIARTL,16127623,17-Apr-20
BHEL,29750187,17-Apr-20
BIOCON,10074247,17-Apr-20
BOSCHLTD,28346,17-Apr-20
BPCL,4420519,17-Apr-20
BRITANNIA,705271,17-Apr-20
CADILAHC,7835392,17-Apr-20
CANBK,16638116,17-Apr-20
CENTURYTEX,2182190,17-Apr-20
CESC,1933236,17-Apr-20
CHOLAFIN,11964947,17-Apr-20
CIPLA,8304296,17-Apr-20
COALINDIA,7094930,17-Apr-20
COLPAL,589457,17-Apr-20
CONCOR,2008707,17-Apr-20
CUMMINSIND,1229378,17-Apr-20
DABUR,3429733,17-Apr-20
DIVISLAB,1326980,17-Apr-20
DLF,30164652,17-Apr-20
DRREDDY,1814922,17-Apr-20
EICHERMOT,565684,17-Apr-20
EQUITAS,25884696,17-Apr-20
ESCORTS,5154023,17-Apr-20
EXIDEIND,2738906,17-Apr-20
FEDERALBNK,41150967,17-Apr-20
GAIL,11384010,17-Apr-20
GLENMARK,6631166,17-Apr-20
GMRINFRA,14755287,17-Apr-20
GODREJCP,2264518,17-Apr-20
GODREJPROP,325474,17-Apr-20
GRASIM,2730995,17-Apr-20
HAVELLS,3634673,17-Apr-20
HCLTECH,4706460,17-Apr-20
HDFC,8954559,17-Apr-20
HDFCBANK,27941831,17-Apr-20
HDFCLIFE,6525356,17-Apr-20
HEROMOTOCO,1327772,17-Apr-20
HINDALCO,14577305,17-Apr-20
HINDPETRO,3891768,17-Apr-20
HINDUNILVR,4540967,17-Apr-20
IBULHSGFIN,82091441,17-Apr-20
ICICIBANK,69008019,17-Apr-20
ICICIPRULI,5684533,17-Apr-20
IDEA,536920091,17-Apr-20
IDFCFIRSTB,42576289,17-Apr-20
IGL,3919802,17-Apr-20
INDIGO,2810726,17-Apr-20
INDUSINDBK,26188773,17-Apr-20
INFRATEL,4417192,17-Apr-20
INFY,8878372,17-Apr-20
IOC,9160107,17-Apr-20
ITC,26669272,17-Apr-20
JINDALSTEL,18261618,17-Apr-20
JSWSTEEL,10104852,17-Apr-20
JUBLFOOD,1899614,17-Apr-20
JUSTDIAL,3952243,17-Apr-20
KOTAKBANK,8585462,17-Apr-20
L&TFH,43283797,17-Apr-20
LICHSGFIN,7112575,17-Apr-20
LT,5827735,17-Apr-20
LUPIN,3328245,17-Apr-20
M&M,6178611,17-Apr-20
M&MFIN,13148854,17-Apr-20
MANAPPURAM,14765229,17-Apr-20
MARICO,3122457,17-Apr-20
MARUTI,2192907,17-Apr-20
MCDOWELL-N,6951584,17-Apr-20
MFSL,1816629,17-Apr-20
MGL,1364794,17-Apr-20
MINDTREE,555017,17-Apr-20
MOTHERSUMI,67135739,17-Apr-20
MRF,15847,17-Apr-20
MUTHOOTFIN,4064072,17-Apr-20
NATIONALUM,7136537,17-Apr-20
NAUKRI,516656,17-Apr-20
NCC,42936292,17-Apr-20
NESTLEIND,187271,17-Apr-20
NIITTECH,475932,17-Apr-20
NMDC,5696756,17-Apr-20
NTPC,16969678,17-Apr-20
OIL,1388644,17-Apr-20
ONGC,14565447,17-Apr-20
PAGEIND,38725,17-Apr-20
PEL,3221712,17-Apr-20
PETRONET,5009748,17-Apr-20
PFC,11222829,17-Apr-20
PIDILITIND,761950,17-Apr-20
PNB,28208948,17-Apr-20
POWERGRID,10426696,17-Apr-20
PVR,2215826,17-Apr-20
RAMCOCEM,1040269,17-Apr-20
RBLBANK,35282039,17-Apr-20
RECLTD,9916819,17-Apr-20
RELIANCE,15209707,17-Apr-20
SAIL,33557532,17-Apr-20
SBIN,89858053,17-Apr-20
SHREECEM,74780,17-Apr-20
SIEMENS,390125,17-Apr-20
SRF,322558,17-Apr-20
SRTRANSFIN,4459547,17-Apr-20
SUNPHARMA,19774595,17-Apr-20
SUNTV,1601043,17-Apr-20
TATACHEM,2680851,17-Apr-20
TATACONSUM,4845929,17-Apr-20
TATAMOTORS,58336227,17-Apr-20
TATAPOWER,11838672,17-Apr-20
TATASTEEL,17492884,17-Apr-20
TCS,9895825,17-Apr-20
TECHM,10839905,17-Apr-20
TITAN,5761685,17-Apr-20
TORNTPHARM,1219315,17-Apr-20
TORNTPOWER,2515170,17-Apr-20
TVSMOTOR,9091683,17-Apr-20
UBL,472370,17-Apr-20
UJJIVAN,10563756,17-Apr-20
ULTRACEMCO,775287,17-Apr-20
UPL,5328293,17-Apr-20
VEDL,30176554,17-Apr-20
VOLTAS,3034515,17-Apr-20
WIPRO,6606453,17-Apr-20
YESBANK,26605391,17-Apr-20
ZEEL,15287491,17-Apr-20
ACC,1951458,20-Apr-20
ADANIENT,6835268,20-Apr-20
ADANIPORTS,2234365,20-Apr-20
ADANIPOWER,33451999,20-Apr-20
AMARAJABAT,894184,20-Apr-20
AMBUJACEM,2682037,20-Apr-20
APOLLOHOSP,1860261,20-Apr-20
APOLLOTYRE,7370479,20-Apr-20
ASHOKLEY,38050519,20-Apr-20
ASIANPAINT,1431055,20-Apr-20
AUROPHARMA,7893459,20-Apr-20
AXISBANK,42163860,20-Apr-20
BAJAJ-AUTO,427669,20-Apr-20
BAJAJFINSV,903157,20-Apr-20
BAJFINANCE,5403325,20-Apr-20
BALKRISIND,631573,20-Apr-20
BANDHANBNK,21748571,20-Apr-20
BANKBARODA,47815278,20-Apr-20
BATAINDIA,790595,20-Apr-20
BEL,34849649,20-Apr-20
BERGEPAINT,778657,20-Apr-20
BHARATFORG,6400830,20-Apr-20
BHARTIARTL,11473202,20-Apr-20
BHEL,53220501,20-Apr-20
BIOCON,9125641,20-Apr-20
BOSCHLTD,35034,20-Apr-20
BPCL,6210492,20-Apr-20
BRITANNIA,667917,20-Apr-20
CADILAHC,9732675,20-Apr-20
CANBK,23385044,20-Apr-20
CENTURYTEX,1897215,20-Apr-20
CESC,2361623,20-Apr-20
CHOLAFIN,10790371,20-Apr-20
CIPLA,5856240,20-Apr-20
COALINDIA,7139690,20-Apr-20
COLPAL,449739,20-Apr-20
CONCOR,1953902,20-Apr-20
CUMMINSIND,1361181,20-Apr-20
DABUR,3234062,20-Apr-20
DIVISLAB,817776,20-Apr-20
DLF,18161265,20-Apr-20
DRREDDY,1498802,20-Apr-20
EICHERMOT,299977,20-Apr-20
EQUITAS,25513734,20-Apr-20
ESCORTS,2819316,20-Apr-20
EXIDEIND,6374514,20-Apr-20
FEDERALBNK,31414511,20-Apr-20
GAIL,11550952,20-Apr-20
GLENMARK,4512316,20-Apr-20
GMRINFRA,16394585,20-Apr-20
GODREJCP,1505931,20-Apr-20
GODREJPROP,266865,20-Apr-20
GRASIM,3106055,20-Apr-20
HAVELLS,3578236,20-Apr-20
HCLTECH,4801120,20-Apr-20
HDFC,7372380,20-Apr-20
HDFCBANK,33116614,20-Apr-20
HDFCLIFE,4164523,20-Apr-20
HEROMOTOCO,2291195,20-Apr-20
HINDALCO,18342560,20-Apr-20
HINDPETRO,5607632,20-Apr-20
HINDUNILVR,2985278,20-Apr-20
IBULHSGFIN,51746746,20-Apr-20
ICICIBANK,55811178,20-Apr-20
ICICIPRULI,7660781,20-Apr-20
IDEA,274060091,20-Apr-20
IDFCFIRSTB,33183029,20-Apr-20
IGL,3095341,20-Apr-20
INDIGO,2520926,20-Apr-20
INDUSINDBK,16950517,20-Apr-20
INFRATEL,6007560,20-Apr-20
INFY,13322995,20-Apr-20
IOC,17688009,20-Apr-20
ITC,35767070,20-Apr-20
JINDALSTEL,13853528,20-Apr-20
JSWSTEEL,12629035,20-Apr-20
JUBLFOOD,1624034,20-Apr-20
JUSTDIAL,3328121,20-Apr-20
KOTAKBANK,6560230,20-Apr-20
L&TFH,13117523,20-Apr-20
LICHSGFIN,4686877,20-Apr-20
LT,4958437,20-Apr-20
LUPIN,2294963,20-Apr-20
M&M,4834224,20-Apr-20
M&MFIN,5619215,20-Apr-20
MANAPPURAM,10883988,20-Apr-20
MARICO,3315017,20-Apr-20
MARUTI,1555313,20-Apr-20
MCDOWELL-N,1885605,20-Apr-20
MFSL,1928444,20-Apr-20
MGL,882069,20-Apr-20
MINDTREE,853986,20-Apr-20
MOTHERSUMI,27692899,20-Apr-20
MRF,9847,20-Apr-20
MUTHOOTFIN,5228659,20-Apr-20
NATIONALUM,18439911,20-Apr-20
NAUKRI,619686,20-Apr-20
NCC,32384697,20-Apr-20
NESTLEIND,135197,20-Apr-20
NIITTECH,525659,20-Apr-20
NMDC,13806690,20-Apr-20
NTPC,17639176,20-Apr-20
OIL,1508682,20-Apr-20
ONGC,15699082,20-Apr-20
PAGEIND,77045,20-Apr-20
PEL,2281967,20-Apr-20
PETRONET,4292560,20-Apr-20
PFC,6761750,20-Apr-20
PIDILITIND,618633,20-Apr-20
PNB,41211953,20-Apr-20
POWERGRID,13599590,20-Apr-20
PVR,1895752,20-Apr-20
RAMCOCEM,520108,20-Apr-20
RBLBANK,26700414,20-Apr-20
RECLTD,6325077,20-Apr-20
RELIANCE,16472339,20-Apr-20
SAIL,18761443,20-Apr-20
SBIN,81961666,20-Apr-20
SHREECEM,48069,20-Apr-20
SIEMENS,254102,20-Apr-20
SRF,190389,20-Apr-20
SRTRANSFIN,7597909,20-Apr-20
SUNPHARMA,17894276,20-Apr-20
SUNTV,1678495,20-Apr-20
TATACHEM,2464492,20-Apr-20
TATACONSUM,3621444,20-Apr-20
TATAMOTORS,125427754,20-Apr-20
TATAPOWER,24635627,20-Apr-20
TATASTEEL,11961355,20-Apr-20
TCS,3244293,20-Apr-20
TECHM,4549099,20-Apr-20
TITAN,2557331,20-Apr-20
TORNTPHARM,811360,20-Apr-20
TORNTPOWER,3464720,20-Apr-20
TVSMOTOR,7127739,20-Apr-20
UBL,316624,20-Apr-20
UJJIVAN,8138766,20-Apr-20
ULTRACEMCO,391192,20-Apr-20
UPL,4741110,20-Apr-20
VEDL,33264777,20-Apr-20
VOLTAS,1976278,20-Apr-20
WIPRO,8101663,20-Apr-20
YESBANK,114977373,20-Apr-20
ZEEL,23316257,20-Apr-20
ACC,1379968,21-Apr-20
ADANIENT,3576178,21-Apr-20
ADANIPORTS,2562045,21-Apr-20
ADANIPOWER,14129082,21-Apr-20
AMARAJABAT,843490,21-Apr-20
AMBUJACEM,2369603,21-Apr-20
APOLLOHOSP,1669512,21-Apr-20
APOLLOTYRE,3326415,21-Apr-20
ASHOKLEY,23738147,21-Apr-20
ASIANPAINT,1594930,21-Apr-20
AUROPHARMA,37163180,21-Apr-20
AXISBANK,33572228,21-Apr-20
BAJAJ-AUTO,702627,21-Apr-20
BAJAJFINSV,670944,21-Apr-20
BAJFINANCE,7384077,21-Apr-20
BALKRISIND,517676,21-Apr-20
BANDHANBNK,15122339,21-Apr-20
BANKBARODA,23452461,21-Apr-20
BATAINDIA,1824989,21-Apr-20
BEL,20673343,21-Apr-20
BERGEPAINT,1593223,21-Apr-20
BHARATFORG,3072550,21-Apr-20
BHARTIARTL,15491009,21-Apr-20
BHEL,23711520,21-Apr-20
BIOCON,10212965,21-Apr-20
BOSCHLTD,24156,21-Apr-20
BPCL,5141703,21-Apr-20
BRITANNIA,1129799,21-Apr-20
CADILAHC,12650701,21-Apr-20
CANBK,13216464,21-Apr-20
CENTURYTEX,1124394,21-Apr-20
CESC,1933614,21-Apr-20
CHOLAFIN,9325938,21-Apr-20
CIPLA,14471886,21-Apr-20
COALINDIA,6501383,21-Apr-20
COLPAL,768673,21-Apr-20
CONCOR,1414222,21-Apr-20
CUMMINSIND,1674880,21-Apr-20
DABUR,4519020,21-Apr-20
DIVISLAB,1365316,21-Apr-20
DLF,12612460,21-Apr-20
DRREDDY,2847875,21-Apr-20
EICHERMOT,165660,21-Apr-20
EQUITAS,15557560,21-Apr-20
ESCORTS,2270798,21-Apr-20
EXIDEIND,2361452,21-Apr-20
FEDERALBNK,20824842,21-Apr-20
GAIL,19282457,21-Apr-20
GLENMARK,9106077,21-Apr-20
GMRINFRA,6147182,21-Apr-20
GODREJCP,2302751,21-Apr-20
GODREJPROP,285651,21-Apr-20
GRASIM,2588715,21-Apr-20
HAVELLS,2296205,21-Apr-20
HCLTECH,3405204,21-Apr-20
HDFC,6604554,21-Apr-20
HDFCBANK,16589148,21-Apr-20
HDFCLIFE,2902454,21-Apr-20
HEROMOTOCO,1650673,21-Apr-20
HINDALCO,22935461,21-Apr-20
HINDPETRO,6911751,21-Apr-20
HINDUNILVR,3227339,21-Apr-20
IBULHSGFIN,37693411,21-Apr-20
ICICIBANK,50118816,21-Apr-20
ICICIPRULI,2670354,21-Apr-20
IDEA,251820879,21-Apr-20
IDFCFIRSTB,19565309,21-Apr-20
IGL,1681464,21-Apr-20
INDIGO,2044264,21-Apr-20
INDUSINDBK,29551620,21-Apr-20
INFRATEL,7392996,21-Apr-20
INFY,11660678,21-Apr-20
IOC,13638140,21-Apr-20
ITC,23334550,21-Apr-20
JINDALSTEL,32750979,21-Apr-20
JSWSTEEL,10887919,21-Apr-20
JUBLFOOD,1147783,21-Apr-20
JUSTDIAL,3248837,21-Apr-20
KOTAKBANK,4799848,21-Apr-20
L&TFH,10713703,21-Apr-20
LICHSGFIN,2491661,21-Apr-20
LT,5122597,21-Apr-20
LUPIN,5837277,21-Apr-20
M&M,8003782,21-Apr-20
M&MFIN,4793274,21-Apr-20
MANAPPURAM,7432826,21-Apr-20
MARICO,2306133,21-Apr-20
MARUTI,1843174,21-Apr-20
MCDOWELL-N,3008708,21-Apr-20
MFSL,1479123,21-Apr-20
MGL,675268,21-Apr-20
MINDTREE,437848,21-Apr-20
MOTHERSUMI,38995385,21-Apr-20
MRF,12670,21-Apr-20
MUTHOOTFIN,1702407,21-Apr-20
NATIONALUM,12590869,21-Apr-20
NAUKRI,227001,21-Apr-20
NCC,35721309,21-Apr-20
NESTLEIND,133756,21-Apr-20
NIITTECH,349913,21-Apr-20
NMDC,6847181,21-Apr-20
NTPC,15085297,21-Apr-20
OIL,2087100,21-Apr-20
ONGC,27607651,21-Apr-20
PAGEIND,43256,21-Apr-20
PEL,1843249,21-Apr-20
PETRONET,2014719,21-Apr-20
PFC,3465704,21-Apr-20
PIDILITIND,1079429,21-Apr-20
PNB,21858220,21-Apr-20
POWERGRID,7827691,21-Apr-20
PVR,1893688,21-Apr-20
RAMCOCEM,508348,21-Apr-20
RBLBANK,23424141,21-Apr-20
RECLTD,4756372,21-Apr-20
RELIANCE,28057706,21-Apr-20
SAIL,19026191,21-Apr-20
SBIN,53043573,21-Apr-20
SHREECEM,43173,21-Apr-20
SIEMENS,182188,21-Apr-20
SRF,208989,21-Apr-20
SRTRANSFIN,7399913,21-Apr-20
SUNPHARMA,30022318,21-Apr-20
SUNTV,2811695,21-Apr-20
TATACHEM,1465907,21-Apr-20
TATACONSUM,3462477,21-Apr-20
TATAMOTORS,58249560,21-Apr-20
TATAPOWER,11655142,21-Apr-20
TATASTEEL,16925417,21-Apr-20
TCS,5122606,21-Apr-20
TECHM,2950307,21-Apr-20
TITAN,3717573,21-Apr-20
TORNTPHARM,1093085,21-Apr-20
TORNTPOWER,374093,21-Apr-20
TVSMOTOR,3939566,21-Apr-20
UBL,690198,21-Apr-20
UJJIVAN,6587600,21-Apr-20
ULTRACEMCO,533462,21-Apr-20
UPL,2817261,21-Apr-20
VEDL,44069545,21-Apr-20
VOLTAS,2136475,21-Apr-20
WIPRO,9043319,21-Apr-20
YESBANK,76224557,21-Apr-20
ZEEL,14998851,21-Apr-20
,,
